Line #,Name,Description,Designator,Quantity,SupplierPart,Supplier

"","sh-xh2.54-2p","Pins Structure:1x2P Pitch:2.5mm Mounting Type:Through Hole Number of Pins:2P Number of Rows:1 Number of PINs Per Row:2 Current Rating:3A Contact Material:Brass Contact Plating:Tin Operating Temperature:-25?~+85? Operating Temperature:-25?~+85? Voltage Rat","BED_ADC, BED_PWM, FAN, FAN_PWM, HEAD_ADC","5","C53261323","LCSC"
"","wj127-5.0-02p-14-00a","Number of Positions or Pins:1x2P Pitch:5mm Color:Green Mounting Type:Through Hole Number of Pins:2P Number of Rows:1 Number of PINs Per Row:2 Screw Specification:M2.5 Current Rating:15A Voltage Rating (Max):250V Wire Gauge - AWG:14~26 Wire Gauge - mm2:1.5","BED_PWR, BTN_CN1, BTN_CN2, HEAD_PWR, PWR_DB1, PWR_DB2","6","C3703","LCSC"
"","100uF","Capacitance:100uF Tolerance:±20% Tolerance:±20% Voltage Rating:50V Ripple Current:146mA@120Hz Equivalent Series Resistance(ESR):- Diameter:8mm Height - Seated (Max):10.2mm Lifetime:2800hrs@105? Operating Temperature:-55?~+105? Operating Temperature:-55?~+","C1, C2, C3, C4","4","C970687","LCSC"
"","100nF","Capacitance:100nF Tolerance:±10% Tolerance:±10% Voltage Rating:50V Temperature Coefficient:X7R","C5, C6, C7","3","C1711","LCSC"
"","22uF","Capacitance:22uF Tolerance:±20% Tolerance:±20% Voltage Rating:10V Temperature Coefficient:X5R","C8, C9, C10","3","C29277","LCSC"
"","sh-xh2.54-4p","Pins Structure:1x4P Pitch:2.5mm Mounting Type:Through Hole Number of Pins:4P Number of Rows:1 Number of PINs Per Row:4 Current Rating:3A Contact Material:Brass Contact Plating:Tin Operating Temperature:-25?~+85? Operating Temperature:-25?~+85? Voltage Rat","CN2, CN3, CN4, CN5","4","C53261325","LCSC"
"","s3mb-13-f","Diode Configuration:1 Independent Voltage - Forward(Vf@If):1.15V@3A Voltage - DC Reverse(Vr):1kV Current - Rectified:3A Reverse Leakage Current (Ir):10uA@1kV Non-Repetitive Peak Forward Surge Current:- Operating Junction Temperature Range:-65?~+150? Opera","D1","1","C70426","LCSC"
"","wj127-5.0-04p-14-00a","Number of Positions or Pins:1x4P Pitch:5mm Color:Green Mounting Type:Through Hole Number of Pins:4P Number of Rows:1 Number of PINs Per Row:4 Screw Specification:M2.5 Current Rating:15A Voltage Rating (Max):250V Wire Gauge - AWG:14~26 Wire Gauge - mm2:1.5","I2C_1, I2C_2","2","C192779","LCSC"
"","2.54-1*1p?","Pin Structure:1x1P Pitch:- Row Spacing:- Circluar Pins/Square Pins:Pin Header Mounting Type:Through Hole Number of Rows:1 Number of Pins:1P Current Rating:3A Voltage Rating (Max):- Length of Mating Pin:6mm Insulation Height:2.5mm Length of End Connection","J1, J2, J3, J4, J5, J6","6","C81276","LCSC"
"","2.54-1*3p?","Pin Structure:1x3P Pitch:2.54mm Row Spacing:- Circluar Pins/Square Pins:Pin Header Mounting Type:Through Hole Number of Rows:1 Number of Pins:3P Current Rating:3A Voltage Rating (Max):- Length of Mating Pin:6mm Insulation Height:2.5mm Length of End Connec","J7, J8, J9","3","C49257","LCSC"
"","ncd0805r1_c84256","Lamp Holder Type:- Illumination Color:Red Voltage - Forward(Vf):1.6V~2.6V Voltage - Forward(Vf):1.6V~2.6V Power(Watts):65mW Test Current:25mA Wavelength - Dominant:615nm~630nm Wavelength - Dominant:615nm~630nm Peak Wavelength:630nm Peak Wavelength:630nm D","LED1","1","C84256","LCSC"
"","fh2.54-09-22pzd","Holes Structure:1x22P Pitch:2.54mm Circular Hole / Square Hole:Square Hole Mounting Type:Through Hole Number of Rows:1 Number of Positions:22P Current Rating:3A Holes Direction:Top Insulation Height:8.5mm Contact Material:Brass Contact Plating:Gold Operat","P1, P2","2","C7500786","LCSC"
"","2.54-1*8p???","Holes Structure:1x8P Pitch:2.54mm Row Spacing:- Circular Hole / Square Hole:Square Hole Mounting Type:Through Hole Number of Rows:1 Number of Positions:8P Current Rating:3A Holes Direction:Top Insulation Height:8.5mm Contact Material:Brass Contact Plating","P3, P4, P5, P6, P8, P9, P10, P11","8","C27438","LCSC"
"","2.54-1*6p","Holes Structure:1x6P Pitch:2.54mm Row Spacing:- Circular Hole / Square Hole:Square Hole Mounting Type:Through Hole Number of Rows:1 Number of Positions:6P Current Rating:3A Voltage Rating (Max):- Holes Direction:Top Insulation Height:8.5mm Contact Materia","P7","1","C40877","LCSC"
"","2.54-1*4P","","P18","1","C2718488","LCSC"
"","dbt30s-7.62-2p-bk-p","Barrier Type:2-Side Pitch:7.62mm Number of Positions or Pins:1x2P Mounting Type:Straight Pin Location:Side Mount Number of Pins:2P Number of Rows:1 Number of PINs Per Row:2 Current Rating:15A Voltage Rating (Max):300V Wire Gauge - AWG:14~22 Wire Gauge - m","PWR1, PWR2","2","C918082","LCSC"
"","ktc3265(range:160-320)","type:NPN Current - Collector(Ic):800mA Collector - Emitter Voltage VCEO:30V Pd - Power Dissipation:200mW DC Current Gain:160 DC Current Gain:160 Transition frequency(fT):120MHz Current - Collector Cutoff:100nA Vce Saturation(VCE(sat)):500mV Operating Temp","Q1, Q2","2","C8531","LCSC"
"","4.7k","Type:Thick Film Resistors Resistance:4.7kO Tolerance:±1% Tolerance:±1% Power(Watts): Overload Voltage (Max): Temperature Coefficient:±100ppm/? Temperature Coefficient:±100ppm/? Operating Temperature Range:-55?~+155? Operating Temperature Range:-55?~+155?","R1, R2, R3, R4, R5, R6, R9","7","C17673","LCSC"
"","1k","Type:Thick Film Resistors Resistance:1kO Tolerance:±1% Tolerance:±1% Power(Watts): Overload Voltage (Max): Temperature Coefficient:±100ppm/? Temperature Coefficient:±100ppm/? Operating Temperature Range:-55?~+155? Operating Temperature Range:-55?~+155?","R7, R8, R10, R11, R12","5","C17513","LCSC"
"","220","Type:Thick Film Resistor Resistance:220O Tolerance:±1% Tolerance:±1% Power(Watts):125mW Voltage-Supply(Max):150V Temperature Coefficient:±100ppm/? Temperature Coefficient:±100ppm/? Operating Temperature:-55?~+155? Operating Temperature:-55?~+155?","R13","1","C17557","LCSC"
"","ts6685h-250gf","Circuit:SPST Actuator Style:Round Button Operating Force:2.5N Mounting Type:Through Hole Length:6mm Width:6mm Switch Height:8.5mm Contact Current:50mA Voltage Rating:12V With Lamp:- Life:-","SW1","1","C13828","LCSC"
